attr1,attr2,attr3,attr4,attr5,attr6,attr7,attr8,attr9,attr10,attr11,attr12,attr13,attr14,attr15,attr16,attr17,attr18,class_label,wins_count
0.613549235078025,0.8068903432480328,0.8182499676316015,0.3192005411509804,0.09587739611334042,0.15130660354362335,0.6770883068726152,0.13846963180032773,0.6102670682209371,0.7529327668185491,0.4934284239650346,0.6036693827631241,0.6550001185419937,0.18533907374560854,0.1536730859406204,0.13533306064631204,0.34801082460643745,0.45096698784623845,3,5
0.5772382232003482,0.9197677179712189,0.8699760114238199,0.48729188001881996,0.2305419876310465,0.1634240758004673,0.6821971337208486,0.130930871547965,0.6191679830495802,0.8150551411668783,0.5105874311342206,0.6129028193606054,0.7558190466062694,0.17764993221491987,0.20927151345816236,0.07507013258078715,0.3344586542855201,0.4722470443257855,3,5
0.6274614764132963,0.8437746100806461,0.8263173576523422,0.44851814586720273,0.19645928045812974,0.16373975098105722,0.697410846467883,0.1286225994756672,0.6440536269940837,0.7656736103143665,0.5058906483770901,0.6282104453748271,0.7298194052876941,0.1817715830799637,0.23476578532327602,0.350788150965719,0.3608323383485466,0.48590870757141497,3,5
0.5886108875317939,0.886489950225314,0.8595270775499192,0.41772857416955905,0.15393444077657134,0.19414613730552413,0.7331369146427028,0.11566987995184967,0.6636306130870803,0.8888647173094376,0.5122986105433619,0.6620614691799303,0.6301890466423486,0.16917188706963637,0.10657839248470301,0.20863740951049076,0.3341808082783363,0.5394747981733605,3,5
0.6174558446619672,0.8180445060536451,0.8523937669854207,0.4832193743744861,0.20687051391034517,0.14813888498891237,0.6280672729594435,0.16514851180551102,0.5672514782348734,0.697326990652265,0.507632690742157,0.5563059121082422,0.7669314353565024,0.1416984004729178,0.0706564908654121,0.1226775838039991,0.43061648806870334,0.5726315445040261,3,3
